"State","Year","Total_Births","Nicu_Births","State_Control","Preterm_Births","Ceasarean_Births","Covid_Year","Total.Population","Birth_Rate","PretermBirth_Rate","CBirth_Rate","NICUBirth_Rate"
"Alabama",2016,59151,4791,"Rep",13215,20362,"0",4863300,0.012162729,0.2234112694629,0.344237629118696,0.0809960947405792
"Alabama",2017,58941,4917,"Rep",13347,20679,"0",4874747,0.012091089,0.22644678576882,0.35084236779152,0.0834224054563038
"Alabama",2018,57761,4793,"Rep",13730,20056,"0",4887871,0.0118172104,0.237703640864943,0.3472239054033,0.0829798653070411
"Alabama",2019,58615,5444,"Rep",14301,20268,"0",4903185,0.0119544745,0.243981915891837,0.345781796468481,0.0928772498507208
"Alabama",2020,57647,5589,"Rep",14513,20161,"1",4921532,0.0117132226,0.251756379343244,0.349731989522438,0.0969521397470814
"Alabama",2021,58054,5737,"Rep",15065,20398,"1",5039877,0.0115189319,0.259499776070555,0.351362524546112,0.0988217866124643
"Alabama",2022,58149,5984,"Rep",15520,20037,"1",5074296,0.0114595207,0.266900548590689,0.344580302326781,0.102908046570018
"Alabama",2023,57858,6190,"Rep",15661,19785,"1",5108468,0.0113259004,0.270679940544091,0.341957896920046,0.106986069342183
"Alaska",2016,11209,1022,"Divided",1995,2575,"0",741894,0.0151086274,0.177981978767062,0.229726112944955,0.0911767329824248
"Alaska",2017,10445,987,"Divided",1911,2346,"0",739795,0.0141187761,0.182958353279081,0.224605074198181,0.0944949736716132
"Alaska",2018,10086,987,"Divided",1908,2260,"0",737438,0.013677082,0.189173111243308,0.224072972437041,0.0978584176085663
"Alaska",2019,9822,957,"Rep",1949,2126,"0",731545,0.0134263784,0.198432091223783,0.216452860924455,0.0974343310934637
"Alaska",2020,9469,876,"Rep",1865,2170,"1",731158,0.0129506892,0.196958496145316,0.229168866828599,0.092512408913296
"Alaska",2021,9367,912,"Rep",1991,2264,"1",732673,0.0127846939,0.212554713355397,0.24169958364471,0.0973630831643002
"Alaska",2022,9359,911,"Rep",1947,2125,"1",733583,0.0127579292,0.208035046479325,0.227054172454322,0.097339459343947
"Alaska",2023,9015,917,"Rep",1952,2164,"1",733406,0.0122919638,0.216528008874099,0.240044370493622,0.101719356627842
"Arizona",2016,84520,5838,"Rep",15158,23220,"0",6931071,0.0121943636,0.179342167534311,0.274727875059158,0.0690724088973024
"Arizona",2017,81872,5803,"Rep",15178,21986,"0",7016270,0.0116688782,0.185386945475865,0.268541137385187,0.0708789329685363
"Arizona",2018,80723,6125,"Rep",15677,22199,"0",7171646,0.011255854,0.194207351064752,0.275002167907536,0.0758767637476308
"Arizona",2019,79375,6115,"Rep",15491,22039,"0",7278717,0.0109050812,0.195162204724409,0.277656692913386,0.0770393700787402
"Arizona",2020,76947,6049,"Rep",15264,21870,"1",7421401,0.010368258,0.198370306834574,0.284221607080198,0.0786125514964846
"Arizona",2021,77916,6237,"Rep",16325,22368,"1",7276316,0.0107081661,0.209520509266389,0.287078392114585,0.0800477437240105
"Arizona",2022,78547,5751,"Rep",16327,22489,"1",7359197,0.0106733112,0.20786280825493,0.286312653570474,0.0732173093816441
"Arizona",2023,78096,6136,"Divided",16300,22675,"1",7431344,0.0105090008,0.208717475927064,0.290347777094858,0.0785699651710715
"Arkansa",2016,38274,3215,"Rep",7749,12354,"0",2988248,0.0128081739,0.202461200815175,0.322777864869102,0.083999581961645
"Arkansa",2017,37520,3640,"Rep",7998,12565,"0",3004279,0.0124888534,0.21316631130064,0.334888059701493,0.0970149253731343
"Arkansa",2018,37018,3617,"Rep",8373,12876,"0",3013825,0.0122827304,0.226187260251769,0.347830785023502,0.0977092225403858
"Arkansa",2019,36564,3701,"Rep",8573,12604,"0",3017804,0.012116095,0.234465594573898,0.344710644349633,0.101219779017613
"Arkansa",2020,35251,3424,"Rep",8266,11917,"1",3030522,0.0116319895,0.234489801707753,0.33806133159343,0.0971319962554254
"Arkansa",2021,35965,3354,"Rep",8699,12339,"1",3025891,0.0118857553,0.241874044209648,0.343083553454748,0.0932573335186987
"Arkansa",2022,35471,3321,"Rep",8841,11938,"1",3045637,0.0116464963,0.249245862817513,0.336556623720786,0.0936257788052212
"Arkansa",2023,35264,3877,"Rep",9129,11918,"1",3067732,0.0114951371,0.258875907441016,0.337965063520871,0.109942150635209
"Califor",2016,488827,36051,"Dem",81995,155952,"0",39250017,0.0124541857,0.167738279595849,0.319033113964654,0.0737500178999932
"Califor",2017,471658,35281,"Dem",80714,148077,"0",39536653,0.0119296391,0.171128232744913,0.313949938302753,0.0748020811689826
"Califor",2018,454920,35124,"Dem",79208,140464,"0",39557045,0.0115003535,0.174114129956915,0.308766376505759,0.07720917963598
"Califor",2019,446479,33771,"Dem",80022,137337,"0",39512223,0.0112997692,0.179229034288287,0.307600133488921,0.0756384958755059
"Califor",2020,420259,32008,"Dem",75708,128196,"1",39368078,0.0106751211,0.180146052791255,0.305040463142967,0.0761625568994358
"Califor",2021,420608,33562,"Dem",79233,129401,"1",39237836,0.0107194495,0.18837730143031,0.307652255782106,0.0797940124771759
"Califor",2022,419104,33315,"Dem",80192,129910,"1",39029342,0.0107381774,0.191341528594335,0.309970794838513,0.0794910093914637
"Califor",2023,400108,32825,"Dem",77812,126099,"1",38965193,0.0102683439,0.194477491077409,0.315162406150339,0.0820403491057415
"Colorad",2016,66613,6956,"Divided",11649,17441,"0",5540545,0.0120228245,0.174875774998874,0.261825769744644,0.104424061369402
"Colorad",2017,64382,6915,"Divided",11601,17045,"0",5607154,0.0114821173,0.180190115249604,0.264747910906775,0.107405796651238
"Colorad",2018,62885,6850,"Divided",11927,16397,"0",5695564,0.0110410488,0.189663671781824,0.26074580583605,0.108928997376163
"Colorad",2019,62869,6756,"Dem",12471,16823,"0",5758736,0.0109171527,0.198364853902559,0.267588159506275,0.107461547026356
"Colorad",2020,61494,6691,"Dem",12490,16719,"1",5807719,0.0105883222,0.203109246430546,0.27188018343253,0.108807363319999
"Colorad",2021,62949,6980,"Dem",13619,17211,"1",5812069,0.0108307386,0.216349743443105,0.27341180956012,0.110883413557006
"Colorad",2022,62383,6836,"Dem",13779,17387,"1",5839926,0.0106821559,0.220877482647516,0.278713752144014,0.109581135886379
"Colorad",2023,61494,6831,"Dem",13760,16885,"1",5877610,0.0104624158,0.223761667804989,0.27457963378541,0.111084008195922
"Connect",2016,36015,2842,"Dem",6490,12639,"0",3576452,0.0100700359,0.180202693322227,0.350937109537693,0.0789115646258503
"Connect",2017,35221,3239,"Divided",6420,12251,"0",3588184,0.0098158288,0.182277618466256,0.347832259163567,0.0919621816529911
"Connect",2018,34725,3247,"Divided",6455,12089,"0",3572665,0.0097196351,0.18588912886969,0.348135349172066,0.0935061195104392
"Connect",2019,34258,3525,"Dem",6554,11868,"0",3565287,0.0096087636,0.191312977990542,0.346430030941678,0.102895674003153
"Connect",2020,33460,3341,"Dem",6493,11389,"1",3557006,0.0094067876,0.194052600119546,0.340376569037657,0.0998505678421996
"Connect",2021,35670,3537,"Dem",7340,12613,"1",3605597,0.0098929525,0.205775161199888,0.353602467059153,0.0991589571068125
"Connect",2022,35332,3373,"Dem",7354,12437,"1",3626205,0.0097435197,0.208139929808672,0.352003849201857,0.0954658666364769
"Connect",2023,34559,3468,"Dem",7314,12101,"1",3617176,0.0095541384,0.211638068231141,0.350154807720131,0.100350125871698
"Delawar",2016,10992,1611,"Dem",2123,3492,"0",952065,0.0115454302,0.193140465793304,0.317685589519651,0.146561135371179
"Delawar",2017,10855,1357,"Dem",2191,3453,"0",961939,0.0112844993,0.201842468908337,0.318102257024413,0.125011515430677
"Delawar",2018,10621,1373,"Dem",2196,3325,"0",967171,0.0109815121,0.20676019207231,0.313059033989267,0.129272196591658
"Delawar",2019,10562,1397,"Dem",2300,3323,"0",973764,0.0108465706,0.217761787540239,0.314618443476614,0.13226661617118
"Delawar",2020,10392,1399,"Dem",2461,3293,"1",986809,0.0105309133,0.236816782140108,0.316878367975366,0.134622786759045
"Delawar",2021,10482,1267,"Dem",2559,3335,"1",1003384,0.0104466485,0.244132799084144,0.318164472428926,0.120873879030719
"Delawar",2022,10816,1454,"Dem",2537,3450,"1",1018396,0.010620623,0.234559911242604,0.318971893491124,0.134430473372781
"Delawar",2023,10427,1476,"Dem",2482,3286,"1",1031890,0.0101047592,0.238035868418529,0.315143377769253,0.141555576867747
"Florida",2016,225022,20135,"Rep",44227,84204,"0",20612439,0.0109168061,0.196545226688946,0.374203411222014,0.0894801397196719
"Florida",2017,223630,20541,"Rep",44875,83124,"0",20984400,0.0106569642,0.200666279121764,0.371703259848857,0.0918526136922595
"Florida",2018,221542,20952,"Rep",45542,81550,"0",21299325,0.0104013625,0.205568244396096,0.368101759485786,0.0945734894512101
"Florida",2019,220002,21434,"Rep",46942,80321,"0",21477737,0.0102432579,0.213370787538295,0.365092135526041,0.0974263870328452
"Florida",2020,209671,19902,"Rep",45783,75166,"1",21733312,0.0096474481,0.218356377372169,0.358494975461556,0.0949201367857262
"Florida",2021,216260,20919,"Rep",49434,77295,"1",21781128,0.0099287787,0.228585961342828,0.357416998057893,0.0967307870156293
"Florida",2022,224433,21102,"Rep",50951,80526,"1",22244823,0.0100892239,0.227020981762931,0.358797503040997,0.0940236061541752
"Florida",2023,221410,21662,"Rep",51769,80137,"1",22610726,0.0097922552,0.233815094169188,0.361939388464839,0.0978365927464884
"Georgia",2016,130042,11591,"Rep",27586,43935,"0",10310371,0.0126127372,0.212131465218929,0.337852386152166,0.0891327417295951
"Georgia",2017,129243,11744,"Rep",28068,44098,"0",10429379,0.0123922048,0.217172303335577,0.341202231455475,0.0908675905078031
"Georgia",2018,126172,11823,"Rep",27861,42851,"0",10519475,0.0119941347,0.220817614050661,0.339623688298513,0.0937054180008243
"Georgia",2019,126371,12245,"Rep",29042,43360,"0",10617423,0.011902229,0.229815384858868,0.343116696077423,0.0968972311685434
"Georgia",2020,122473,11583,"Rep",28279,41462,"1",10710017,0.0114353693,0.23089987180848,0.338539923085088,0.0945759473516612
"Georgia",2021,124073,12006,"Rep",30189,43474,"1",10799566,0.0114887024,0.243316434679584,0.350390495917726,0.0967656137918806
"Georgia",2022,126130,12552,"Rep",31585,44412,"1",10912876,0.0115579065,0.250416237215571,0.352112899389519,0.0995163719971458
"Georgia",2023,125120,12284,"Rep",31931,44742,"1",11029227,0.0113444034,0.25520300511509,0.357592710997442,0.0981777493606138
"Hawaii",2016,18059,1160,"Dem",3639,4549,"0",1428557,0.0126414277,0.201506174206767,0.251896561271388,0.0642338999944626
"Hawaii",2017,17517,1101,"Dem",3554,4529,"0",1427538,0.0122707767,0.202888622481018,0.258548838271394,0.0628532282925158
"Hawaii",2018,16972,807,"Dem",3371,4561,"0",1420491,0.0119479814,0.198621258543483,0.26873674287061,0.0475489040773038
"Hawaii",2019,16797,1046,"Dem",3493,4502,"0",1415872,0.0118633605,0.207953801274037,0.268024051914032,0.0622730249449306
"Hawaii",2020,15785,1001,"Dem",3183,4147,"1",1407006,0.0112188576,0.20164713335445,0.262717770034843,0.0634146341463415
"Hawaii",2021,15620,829,"Dem",3315,4322,"1",1441553,0.0108355364,0.212227912932138,0.276696542893726,0.0530729833546735
"Hawaii",2022,15535,1119,"Dem",3181,4294,"1",1440196,0.0107867263,0.204763437399421,0.276408110717734,0.0720308979723206
"Hawaii",2023,14808,1154,"Dem",3145,4056,"1",1435138,0.0103181715,0.212385197190708,0.273905996758509,0.0779308481901675
"Idaho",2016,22482,2384,"Rep",4001,5378,"0",1683140,0.0133571777,0.17796459389734,0.2392135930967,0.106040387865848
"Idaho",2017,22181,2322,"Rep",3844,5253,"0",1716943,0.0129188913,0.173301474234705,0.236824309093368,0.104684189170912
"Idaho",2018,21403,2447,"Rep",3956,5128,"0",1754208,0.0122009477,0.184833901789469,0.239592580479372,0.114329766855114
"Idaho",2019,22063,2503,"Rep",4059,5293,"0",1787065,0.0123459415,0.183973167746907,0.239903911526084,0.113447853873
"Idaho",2020,21533,2311,"Rep",3914,5066,"1",1826913,0.0117865492,0.181767519621047,0.235266799795662,0.107323642780848
"Idaho",2021,22427,2395,"Rep",4214,5408,"1",1900923,0.0117979529,0.187898515182592,0.241137914121372,0.106790921656931
"Idaho",2022,22391,2355,"Rep",4361,5480,"1",1939033,0.0115475085,0.194765754097629,0.24474119065696,0.105176186860792
"Idaho",2023,22397,2356,"Rep",4291,5469,"1",1964726,0.0113995539,0.191588159128455,0.244184488994062,0.105192659731214
"Illinoi",2016,154445,14610,"Divided",30483,47965,"0",12801539,0.012064565,0.197371232477581,0.310563631066075,0.0945967820259639
"Illinoi",2017,149390,14394,"Divided",30351,46467,"0",12802023,0.0116692495,0.203166209250954,0.3110449159917,0.0963518307784992
"Illinoi",2018,144815,14307,"Divided",30314,45099,"0",12741080,0.011365991,0.209329144080378,0.311424921451507,0.0987950143286262
"Illinoi",2019,140128,13554,"Dem",30157,42925,"0",12671821,0.011058237,0.215210379081982,0.306327072390957,0.0967258506508335
"Illinoi",2020,133298,12692,"Dem",28614,41086,"1",12587530,0.0105896868,0.214661885399631,0.308226680070219,0.0952152320364897
"Illinoi",2021,132189,12800,"Dem",29867,41199,"1",12671469,0.0104320186,0.225941644161012,0.311667385334635,0.0968310525081512
"Illinoi",2022,128350,12503,"Dem",29396,39725,"1",12582032,0.010201055,0.229029996104402,0.309505259057265,0.0974133229450721
"Illinoi",2023,124820,12581,"Dem",29113,38710,"1",12549689,0.0099460632,0.233239865406185,0.310126582278481,0.10079314212466
"Indiana",2016,83091,7945,"Rep",15631,24762,"0",6633053,0.0125268108,0.188119050197976,0.298010614868036,0.0956180573106594
"Indiana",2017,82170,8345,"Rep",15970,24431,"0",6666818,0.0123252202,0.194353170256785,0.297322623828648,0.101557746136059
"Indiana",2018,81646,8424,"Rep",16556,24344,"0",6691878,0.0122007604,0.202777845822208,0.298165249981628,0.103177130539157
"Indiana",2019,80859,8522,"Rep",17108,23667,"0",6732219,0.0120107501,0.211578179299769,0.292694690757986,0.105393339022249
"Indiana",2020,78616,8271,"Rep",17071,23642,"1",6754953,0.0116382749,0.217144092805536,0.300727587259591,0.105207591330009
"Indiana",2021,79946,8953,"Rep",18764,24272,"1",6805985,0.0117464261,0.234708428189028,0.303604933329998,0.111988091962074
"Indiana",2022,79649,9028,"Rep",18937,24282,"1",6833037,0.0116564567,0.237755652927218,0.304862584589888,0.113347311328454
"Indiana",2023,79000,9002,"Rep",19369,24280,"1",6862199,0.0115123447,0.245177215189873,0.307341772151899,0.113949367088608
"Iowa",2016,39403,3406,"Divided",6901,11841,"0",3134693,0.012569971,0.175138948811004,0.300510113443139,0.0864401187726823
"Iowa",2017,38430,3528,"Rep",6920,11429,"0",3145711,0.012216634,0.180067655477492,0.297397866250325,0.0918032786885246
"Iowa",2018,37785,3687,"Rep",7337,11269,"0",3156145,0.0119718834,0.194177583697234,0.298240042344846,0.0975784041286225
"Iowa",2019,37649,3705,"Rep",7426,11134,"0",3155070,0.0119328573,0.19724295466015,0.295731626338017,0.0984089882865415
"Iowa",2020,36114,3542,"Rep",7428,10910,"1",3163561,0.0114156168,0.205682006977903,0.302098909010356,0.0980783075815473
"Iowa",2021,36835,3718,"Rep",7939,10938,"1",3193079,0.0115358875,0.215528709108185,0.296945839554771,0.100936609203203
"Iowa",2022,36506,3696,"Rep",8191,10788,"1",3200517,0.0114062822,0.224374075494439,0.295513066345258,0.101243631183915
"Iowa",2023,36052,3849,"Rep",8333,10903,"1",3207004,0.0112416448,0.231138355708421,0.302424276045712,0.106762454232775
"Kansas",2016,38053,2965,"Rep",6837,11235,"0",2907289,0.0130888261,0.179670459622106,0.295246104117941,0.0779176411846635
"Kansas",2017,36519,2817,"Rep",6996,10938,"0",2913123,0.0125360309,0.191571510720447,0.299515320791917,0.077137928201758
"Kansas",2018,36261,2750,"Rep",7036,10785,"0",2911505,0.0124543836,0.194037671327321,0.297426987672706,0.0758390557348115
"Kansas",2019,35395,2840,"Divided",7403,10505,"0",2913314,0.0121493941,0.20915383528747,0.296793332391581,0.0802373216556011
"Kansas",2020,34376,2725,"Divided",7159,10363,"1",2913805,0.0117976323,0.208255759832441,0.301460321154294,0.0792704212241098
"Kansas",2021,34705,2698,"Divided",7511,10269,"1",2934582,0.0118262158,0.216424146376603,0.295893963405849,0.0777409595159199
"Kansas",2022,34401,2766,"Divided",7840,10352,"1",2937150,0.0117123742,0.227900351733961,0.300921484840557,0.0804046394000174
"Kansas",2023,34065,2892,"Divided",7897,10320,"1",2940546,0.0115845833,0.231821517686775,0.30295024218406,0.0848965213562307
"Kentuck",2016,55449,5115,"Divided",12395,19115,"0",4436974,0.0124970306,0.223538747317355,0.344731194430918,0.0922469296109939
"Kentuck",2017,54752,5296,"Rep",12512,19257,"0",4454189,0.0122922489,0.228521332554062,0.351713179427236,0.0967270601987142
"Kentuck",2018,53922,5434,"Rep",12829,18509,"0",4468402,0.0120674013,0.237917733021772,0.343255072141241,0.10077519379845
"Kentuck",2019,53069,5040,"Rep",12895,17845,"0",4467673,0.0118784432,0.242985547117903,0.33626034031167,0.0949706985245624
"Kentuck",2020,51668,5090,"Divided",12537,17709,"1",4477251,0.0115401169,0.242645351087714,0.342745993651777,0.0985135867461485
"Kentuck",2021,52214,5829,"Divided",13552,18126,"1",4509394,0.0115789394,0.259547247864557,0.347148274409162,0.111636725782357
"Kentuck",2022,52315,5869,"Divided",13774,18016,"1",4512310,0.01159384,0.263289687470133,0.344375418140113,0.112185797572398
"Kentuck",2023,51984,5876,"Divided",14033,17822,"1",4526154,0.0114852477,0.269948445675593,0.342836257309941,0.113034779932287
"Louisia",2016,63178,5853,"Rep",15281,23713,"0",4681666,0.0134947687,0.24187217069233,0.375336351261515,0.0926430086422489
"Louisia",2017,61018,5801,"Divided",14895,22866,"0",4684333,0.013025974,0.244108295912682,0.37474187944541,0.0950703071224884
"Louisia",2018,59615,5987,"Divided",15156,22038,"0",4659978,0.0127929789,0.254231317621404,0.369672062400403,0.100427744695127
"Louisia",2019,58941,5947,"Divided",15333,21606,"0",4648794,0.0126787722,0.260141497429633,0.366569959790299,0.100897507677169
"Louisia",2020,57328,6229,"Divided",15042,21107,"1",4645318,0.0123410281,0.262384873011443,0.368179598102149,0.108655456321518
"Louisia",2021,57437,6382,"Divided",15738,21319,"1",4624047,0.0124213703,0.274004561519578,0.371171892682417,0.111113045597785
"Louisia",2022,56479,6238,"Divided",15906,20056,"1",4590241,0.012304147,0.281626799341348,0.355105437419218,0.110448131163795
"Louisia",2023,54927,6165,"Divided",15680,19803,"1",4573749,0.0120091855,0.285469805378047,0.360533071167186,0.112239882025233
"Maine",2016,12705,968,"Divided",2110,3666,"0",1331479,0.0095420206,0.16607634789453,0.288547815820543,0.0761904761904762
"Maine",2017,12298,961,"Divided",2093,3674,"0",1335907,0.0092057306,0.170190274841438,0.298747763864043,0.078142787445113
"Maine",2018,12311,1058,"Divided",2198,3740,"0",1338404,0.009198269,0.178539517504671,0.3037933555357,0.0859394037852327
"Maine",2019,11779,1017,"Dem",2227,3562,"0",1344212,0.0087627547,0.189065285677901,0.30240258086425,0.0863400967824094
"Maine",2020,11539,975,"Dem",2201,3429,"1",1350141,0.0085465148,0.19074443192651,0.297166132247162,0.0844960568506803
"Maine",2021,12006,1088,"Dem",2392,3704,"1",1372247,0.0087491538,0.199233716475096,0.308512410461436,0.0906213559886723
"Maine",2022,12093,1166,"Dem",2515,3835,"1",1385340,0.008729265,0.20797155379145,0.317125609856942,0.096419416191185
"Maine",2023,11627,1139,"Dem",2465,3614,"1",1395722,0.0083304555,0.212006536509848,0.310828244603079,0.0979616410079986
"Marylan",2016,73136,6315,"Divided",14280,24606,"0",6016447,0.0121560117,0.195252679938744,0.336441697659156,0.0863459855611464
"Marylan",2017,71641,5761,"Divided",14686,24244,"0",6052177,0.0118372282,0.204994346812579,0.338409569939001,0.0804148462472606
"Marylan",2018,71080,5659,"Divided",14322,24058,"0",6042718,0.0117629186,0.201491277433877,0.338463702870006,0.0796145188519977
"Marylan",2019,70178,5539,"Divided",14915,23124,"0",6045680,0.0116079581,0.212530992618769,0.329504973068483,0.0789278691327766
"Marylan",2020,68554,5540,"Divided",14381,23114,"1",6055802,0.0113203833,0.20977623479301,0.337164862735945,0.0808122064358024
"Marylan",2021,68285,5601,"Divided",15340,23441,"1",6165129,0.0110760051,0.224646701325328,0.343281833491982,0.0820238705425789
"Marylan",2022,68782,5363,"Divided",15112,23609,"1",6164660,0.0111574685,0.219708644703556,0.343243871943241,0.0779709807798552
"Marylan",2023,65594,5657,"Dem",14850,22926,"1",6180253,0.0106134814,0.226392657865049,0.349513675031253,0.0862426441442815
"Massach",2016,71317,7272,"Divided",12069,22307,"0",6811779,0.0104696585,0.169230337787624,0.312786572626442,0.101967272880239
"Massach",2017,70702,6998,"Divided",12355,22297,"0",6859819,0.0103066859,0.17474753189443,0.315365901954683,0.0989788124805522
"Massach",2018,69109,6966,"Divided",12330,21719,"0",6902149,0.0100126787,0.178413810068153,0.314271657815914,0.100797291235584
"Massach",2019,69117,6655,"Divided",12837,21657,"0",6892503,0.010027852,0.185728547245974,0.313338252528322,0.0962860077839027
"Massach",2020,66428,6988,"Divided",12461,21462,"1",6893574,0.0096362206,0.187586559884386,0.323086650207744,0.105196603841753
"Massach",2021,69137,7110,"Divided",13500,21757,"1",6984723,0.0098983167,0.195264474883203,0.31469401333584,0.102839290105154
"Massach",2022,68584,6035,"Divided",13815,22656,"1",6981974,0.0098230099,0.201431820832847,0.330339437769742,0.0879942843811968
"Massach",2023,67093,6281,"Dem",13852,22377,"1",7001399,0.0095827991,0.206459690280655,0.333522126004203,0.0936163236105108
"Michiga",2016,113315,8803,"Rep",21751,36227,"0",9928300,0.0114133336,0.191951639235759,0.319701716454132,0.0776860962802806
"Michiga",2017,111426,8880,"Rep",21955,35583,"0",9962311,0.0111847542,0.197036598280473,0.319341984815034,0.0796941467880028
"Michiga",2018,110032,8321,"Rep",21679,35365,"0",9995915,0.0110076966,0.197024501963065,0.321406499927294,0.0756234549949106
"Michiga",2019,107886,8347,"Divided",21974,34512,"0",9986857,0.0108027981,0.203677956361344,0.319893220621767,0.0773687040023729
"Michiga",2020,104074,7956,"Divided",21608,33772,"1",9966555,0.0104423244,0.207621500086477,0.324499875088879,0.0764456060111075
"Michiga",2021,104980,9260,"Divided",23201,34846,"1",10050811,0.0104449283,0.22100400076205,0.331929891407887,0.0882072775766813
"Michiga",2022,102321,9350,"Divided",22941,33903,"1",10034113,0.0101973139,0.224206174685548,0.331339607705163,0.0913790912911328
"Michiga",2023,99124,9545,"Dem",22731,32924,"1",10037261,0.0098756025,0.229318832976877,0.332149630765506,0.0962935313344901
"Minneso",2016,69749,5722,"Divided",11722,18685,"0",5519952,0.0126357983,0.168059757129134,0.267889145364091,0.0820370184518774
"Minneso",2017,68595,5540,"Divided",11833,18802,"0",5576606,0.0123004925,0.172505284641738,0.274101610904585,0.080763904074641
"Minneso",2018,67344,5352,"Divided",11977,18155,"0",5611179,0.0120017558,0.177848063673081,0.269586006177239,0.0794725588025659
"Minneso",2019,66027,5583,"Divided",12344,18223,"0",5639632,0.0117076788,0.186953821921335,0.275993154315659,0.0845563178699623
"Minneso",2020,63443,5479,"Divided",11950,18055,"1",5657342,0.011214277,0.188358053685986,0.284586163958199,0.0863609854515077
"Minneso",2021,64425,5623,"Divided",12959,18629,"1",5707390,0.0112879968,0.201148622429181,0.289157935584012,0.0872797826930539
"Minneso",2022,64015,5563,"Divided",13129,19159,"1",5717184,0.0111969459,0.205092556432086,0.299289229086933,0.0869015074591893
"Minneso",2023,61715,5335,"Dem",13056,18626,"1",5737915,0.010755649,0.211553107024224,0.301806692052175,0.0864457587296443
"Mississ",2016,37928,2779,"Rep",9730,14495,"0",2988726,0.012690357,0.256538704914575,0.382171482809534,0.0732704070871124
"Mississ",2017,37357,2787,"Rep",9536,14135,"0",2984100,0.0125186823,0.255266750542067,0.37837620793961,0.0746044917953797
"Mississ",2018,37000,2894,"Rep",10082,14167,"0",2986530,0.0123889598,0.272486486486486,0.382891891891892,0.0782162162162162
"Mississ",2019,36636,2994,"Rep",10220,14094,"0",2976149,0.0123098676,0.278960585216727,0.384703570258762,0.0817228955126105
"Mississ",2020,35473,2944,"Rep",9906,13534,"1",2966786,0.0119567101,0.279254644377414,0.381529614072675,0.0829926986722296
"Mississ",2021,35156,3313,"Rep",10137,13522,"1",2949965,0.0119174295,0.288343383775173,0.38462851291387,0.094237114575037
"Mississ",2022,34675,3271,"Rep",10425,13338,"1",2940057,0.011793989,0.300648882480173,0.384657534246575,0.0943330930064888
"Mississ",2023,34459,3432,"Rep",10688,13072,"1",2939690,0.0117219843,0.310165704170173,0.379349371717113,0.099596622072608
"Missour",2016,74705,6184,"Divided",14686,22520,"0",6093000,0.0122607911,0.196586573857172,0.301452379358811,0.0827789304598086
"Missour",2017,73034,6246,"Rep",15086,21920,"0",6113532,0.0119462857,0.206561327600843,0.300134184078648,0.0855218117589068
"Missour",2018,73269,6547,"Rep",15285,21906,"0",6126452,0.0119594506,0.20861483028293,0.298980469229824,0.0893556620125838
"Missour",2019,72127,6982,"Rep",15728,21646,"0",6137428,0.0117519912,0.218059811166415,0.300109529025192,0.0968014751757317
"Missour",2020,69285,6722,"Rep",15687,20258,"1",6151548,0.0112630187,0.226412643429314,0.292386519448654,0.0970195569026485
"Missour",2021,69453,7075,"Rep",16387,20912,"1",6168187,0.0112598726,0.235943731732251,0.301095705009143,0.101867449930169
"Missour",2022,68985,6998,"Rep",16750,20960,"1",6177957,0.0111663127,0.242806407189969,0.303834166847865,0.101442342538233
"Missour",2023,67123,7043,"Rep",16399,20264,"1",6196156,0.0108330068,0.244312679707403,0.301893538727411,0.104926776216796
"Montana",2016,12282,1070,"Divided",2103,3578,"0",1042520,0.0117810689,0.171226184660479,0.291320631818922,0.0871193616674809
"Montana",2017,11799,1057,"Divided",2050,3357,"0",1050493,0.0112318692,0.173743537587931,0.284515636918383,0.0895838630392406
"Montana",2018,11513,969,"Divided",2128,3235,"0",1062305,0.0108377538,0.184834534873621,0.280986710674889,0.084165725701381
"Montana",2019,11079,1015,"Divided",2133,3150,"0",1068778,0.0103660442,0.192526401299756,0.284321689683184,0.0916147666756928
"Montana",2020,10791,1027,"Divided",2243,2975,"1",1080577,0.0099863314,0.207858400518951,0.275692706885367,0.095171902511352
"Montana",2021,11231,1083,"Rep",2375,3116,"1",1104271,0.0101705107,0.211468257501558,0.277446353842044,0.0964295254207105
"Montana",2022,11175,1081,"Rep",2376,3021,"1",1122867,0.0099522027,0.21261744966443,0.270335570469799,0.0967337807606264
"Montana",2023,11078,1138,"Rep",2431,2880,"1",1132812,0.0097792043,0.219443942949991,0.259974724679545,0.10272612384907
"Nebrask",2016,26589,2853,"Excluded",5032,8248,"0",1907116,0.0139419941,0.189251194102824,0.310203467599383,0.107300011282861
"Nebrask",2017,25821,2947,"Excluded",5036,7852,"0",1920076,0.0134479052,0.195035048991131,0.304093567251462,0.114131908136788
"Nebrask",2018,25488,2865,"Excluded",5145,7619,"0",1929268,0.0132112283,0.201859698681733,0.29892498430634,0.112405838041431
"Nebrask",2019,24755,2763,"Excluded",5351,7197,"0",1934408,0.0127971969,0.216158351848111,0.290729145627146,0.11161381539083
"Nebrask",2020,24291,2769,"Excluded",5418,7005,"1",1937552,0.0125369538,0.223045572434235,0.288378411757441,0.113992836853155
"Nebrask",2021,24609,2737,"Excluded",5727,7036,"1",1963692,0.012532006,0.232719736681702,0.285911658336381,0.111219472550693
"Nebrask",2022,24345,2713,"Excluded",5860,7030,"1",1967923,0.0123709109,0.240706510577121,0.288765660299856,0.111439720681865
"Nebrask",2023,24111,2756,"Excluded",6094,7079,"1",1978379,0.0121872503,0.252747708514786,0.293600431338393,0.114304674215089
"Nevada",2016,36260,3498,"Rep",7064,12270,"0",2940058,0.01233309,0.194815223386652,0.338389409817981,0.0964699393270822
"Nevada",2017,35756,3555,"Divided",7150,12207,"0",2998039,0.0119264626,0.199966439199016,0.341397248014319,0.0994238729164336
"Nevada",2018,35682,3576,"Divided",6998,12073,"0",3034392,0.0117591926,0.196121293649459,0.338349868280926,0.100218597612241
"Nevada",2019,35072,3682,"Dem",7242,11487,"0",3080156,0.0113864363,0.20648950729927,0.327526231751825,0.104984032846715
"Nevada",2020,33653,3548,"Dem",7242,11067,"1",3138259,0.0107234616,0.215196267791876,0.328856268386177,0.105428936498975
"Nevada",2021,33686,3900,"Dem",7562,11070,"1",3143991,0.0107144073,0.224484949237072,0.328623166894259,0.115775099447842
"Nevada",2022,33193,3598,"Dem",7548,10908,"1",3177772,0.0104453686,0.227397342813244,0.328623504955864,0.108396348627723
"Nevada",2023,31794,3372,"Divided",7393,10656,"1",3194176,0.0099537408,0.232528149965402,0.335157576901302,0.106057746744669
"New Ham",2016,12267,825,"Divided",1909,3786,"0",1334795,0.0091901753,0.155620771174696,0.308632917583761,0.0672536072389337
"New Ham",2017,12116,876,"Rep",2001,3758,"0",1342795,0.0090229707,0.165153516011885,0.310168372400132,0.0723010894684714
"New Ham",2018,11995,949,"Rep",2029,3795,"0",1356458,0.0088428835,0.169153814089204,0.316381825760734,0.0791162984576907
"New Ham",2019,11839,966,"Divided",1974,3740,"0",1359711,0.0087069973,0.166737055494552,0.315905059548948,0.081594729284568
"New Ham",2020,11791,1069,"Divided",1984,3787,"1",1366275,0.0086300342,0.16826393011619,0.321177169027224,0.0906623696039352
"New Ham",2021,12625,1153,"Rep",2215,4126,"1",1388992,0.0090893252,0.175445544554455,0.326811881188119,0.0913267326732673
"New Ham",2022,12077,1047,"Rep",2188,3877,"1",1395231,0.0086559143,0.181170820568022,0.321023432971764,0.086693715326654
"New Ham",2023,11936,1121,"Rep",2265,3926,"1",1402054,0.0085132242,0.189762064343164,0.32892091152815,0.0939175603217158
"New Jer",2016,102647,11235,"Divided",18855,37164,"0",8944469,0.0114760306,0.1836877843483,0.362056367940612,0.109452784786696
"New Jer",2017,101250,11205,"Divided",18550,36371,"0",9005644,0.0112429494,0.18320987654321,0.35921975308642,0.110666666666667
"New Jer",2018,101223,11374,"Dem",18507,35335,"0",8908520,0.0113624934,0.182833940902759,0.349080742518993,0.112365766673582
"New Jer",2019,99585,11064,"Dem",18743,33554,"0",8882190,0.011211762,0.188211075965256,0.336938293919767,0.111101069438168
"New Jer",2020,97954,11323,"Dem",18549,32551,"1",8882371,0.0110279114,0.189364395532597,0.332309043020193,0.115595075239398
"New Jer",2021,101497,12331,"Dem",19740,32942,"1",9267130,0.0109523661,0.194488507049469,0.324561317083264,0.121491275604205
"New Jer",2022,102893,13089,"Dem",20369,33844,"1",9261699,0.0111095167,0.197962932366633,0.328924222250299,0.127209819910004
"New Jer",2023,101001,12827,"Dem",20446,33423,"1",9290841,0.0108710288,0.202433639270898,0.330917515668162,0.126998742586707
"New Mex",2016,24692,2660,"Divided",4907,6121,"0",2081015,0.0118653638,0.19872833306334,0.247894054754576,0.107727199092824
"New Mex",2017,23767,2639,"Divided",4864,5867,"0",2088070,0.0113822812,0.204653511170951,0.246854882820718,0.11103631085118
"New Mex",2018,23039,2777,"Divided",4754,5834,"0",2095428,0.0109948898,0.206345761534789,0.253222796128304,0.120534745431659
"New Mex",2019,22960,2937,"Dem",4917,6068,"0",2096829,0.0109498676,0.214155052264808,0.264285714285714,0.127918118466899
"New Mex",2020,21903,2723,"Dem",4657,5708,"1",2106319,0.0103987098,0.212619275898279,0.260603570287175,0.124320869287312
"New Mex",2021,21391,2631,"Dem",4783,5836,"1",2115877,0.0101097559,0.22359870973774,0.272825019868169,0.122995652377168
"New Mex",2022,21614,2525,"Dem",4793,5837,"1",2113344,0.0102273932,0.221754418432497,0.270056444896826,0.116822429906542
"New Mex",2023,20951,2459,"Dem",4713,5941,"1",2114371,0.0099088571,0.224953462841869,0.283566416877476,0.117369099327001
"New Yor",2016,234283,27215,"Divided",39712,78999,"0",19745289,0.0118652606,0.16950440279491,0.337194760183197,0.11616293115591
"New Yor",2017,229737,28202,"Dem",39413,78082,"0",19849399,0.0115740028,0.171557041312457,0.339875596878169,0.122757762136704
"New Yor",2018,226238,27477,"Divided",39465,76470,"0",19542209,0.0115768898,0.174440191302964,0.338006877712851,0.121451745506944
"New Yor",2019,221539,26616,"Dem",40479,73485,"0",19453561,0.011388095,0.182717264228872,0.331702318779086,0.120141374656381
"New Yor",2020,209338,24996,"Dem",39174,70304,"1",19336776,0.0108258998,0.187132770925489,0.335839646886853,0.119404981417612
"New Yor",2021,210742,25424,"Dem",41864,71807,"1",19835913,0.0106242652,0.198650482580596,0.340734167845043,0.120640403906198
"New Yor",2022,207774,24277,"Dem",41890,70330,"1",19677151,0.0105591506,0.201613291364656,0.338492785430323,0.116843300894241
"New Yor",2023,203612,24297,"Dem",41783,68836,"1",19571216,0.0104036458,0.205208926782311,0.33807437675579,0.119329901970414
"North C",2016,120779,9438,"Rep",24216,35549,"0",10146788,0.0119031757,0.200498431018637,0.294330968131877,0.0781427234866988
"North C",2017,120125,9646,"Divided",24774,35271,"0",10273419,0.0116927967,0.20623517169615,0.293619146722164,0.0802996878251821
"North C",2018,118954,9473,"Divided",24934,34982,"0",10383620,0.0114559277,0.209610437648167,0.294080064562772,0.0796358256132623
"North C",2019,118725,9767,"Divided",26031,34483,"0",10488084,0.0113199894,0.21925457991156,0.290444304064014,0.0822657401558223
"North C",2020,116730,9957,"Divided",26503,34932,"1",10600823,0.0110114092,0.227045318255804,0.299254690310974,0.0852994088923156
"North C",2021,120466,10269,"Divided",28233,36453,"1",10551162,0.0114173207,0.234364883037538,0.30259990370727,0.0852439692527352
"North C",2022,121562,10000,"Divided",28643,36656,"1",10698973,0.0113620251,0.23562461953571,0.301541600171106,0.0822625491518731
"North C",2023,120082,10438,"Divided",28898,36772,"1",10835491,0.0110822851,0.240652220982329,0.306224080211855,0.0869239353108709
"North D",2016,11383,1086,"Rep",2036,3045,"0",757952,0.0150181014,0.178863217078099,0.267504172889396,0.0954054291487306
"North D",2017,10737,1014,"Rep",1916,3039,"0",755393,0.0142137933,0.178448356151625,0.283039955294775,0.0944397876501816
"North D",2018,10636,996,"Rep",2028,2820,"0",760077,0.0139933191,0.190673185408048,0.265137269650244,0.0936442271530651
"North D",2019,10454,1076,"Rep",2063,2775,"0",762062,0.0137180439,0.197340730820738,0.265448632102544,0.102927109240482
"North D",2020,10059,1104,"Rep",2057,2711,"1",765309,0.0131437106,0.204493488418332,0.269509891639328,0.109752460483149
"North D",2021,10112,1199,"Rep",2161,2655,"1",774948,0.0130486175,0.213706487341772,0.262559335443038,0.118571993670886
"North D",2022,9567,1142,"Rep",2131,2488,"1",779261,0.0122770163,0.222744852095746,0.260060625065329,0.119368663112784
"North D",2023,9647,1036,"Rep",2190,2520,"1",783926,0.0123060085,0.227013579351094,0.261221105006738,0.107390898724992
"Ohio",2016,138085,12570,"Rep",27532,42513,"0",11614373,0.011889148,0.199384437122062,0.307875583879495,0.09103088677264
"Ohio",2017,136832,12531,"Rep",27609,41376,"0",11658609,0.0117365631,0.201772977081384,0.302385406922357,0.0915794550982226
"Ohio",2018,135134,12639,"Rep",27676,41558,"0",11689442,0.0115603465,0.204804120354611,0.307531783266979,0.0935293856468394
"Ohio",2019,134461,13200,"Rep",28505,41636,"0",11689100,0.0115031097,0.211994556042272,0.309651125605194,0.0981697295126468
"Ohio",2020,129191,12569,"Rep",27923,40447,"1",11693217,0.011048371,0.216137347028818,0.313079084456348,0.0972900589050321
"Ohio",2021,129791,12810,"Rep",29486,40802,"1",11780017,0.0110178958,0.227180621152468,0.314366943778844,0.0986971361650654
"Ohio",2022,128231,12719,"Rep",29988,40225,"1",11756058,0.0109076529,0.233859207211985,0.313691697015542,0.0991881838245042
"Ohio",2023,126896,12950,"Rep",30100,39859,"1",11785935,0.0107667317,0.237202118270079,0.314107615685286,0.102052074139453
"Oklahom",2016,52592,4439,"Rep",11035,16816,"0",3923561,0.01340415,0.209822786735625,0.319744447824764,0.0844044721630666
"Oklahom",2017,50214,4668,"Rep",11122,16156,"0",3930864,0.0127742908,0.221492014179313,0.321742940215876,0.0929621221173378
"Oklahom",2018,49800,4752,"Rep",11327,16346,"0",3943079,0.0126297241,0.227449799196787,0.328232931726908,0.0954216867469879
"Oklahom",2019,49143,4688,"Rep",11412,15781,"0",3956971,0.012419348,0.232220255173677,0.321124066499807,0.0953950715259549
"Oklahom",2020,47623,4362,"Rep",11156,15290,"1",3980783,0.0119632243,0.234256556705793,0.321063351741805,0.0915943976649938
"Oklahom",2021,48410,4432,"Rep",11877,15715,"1",3986639,0.0121430609,0.24534187151415,0.324623011774427,0.0915513323693452
"Oklahom",2022,48332,4092,"Rep",11683,15673,"1",4019800,0.0120234838,0.241723909625093,0.324277911114789,0.0846644045352975
"Oklahom",2023,47909,4278,"Rep",11691,15846,"1",4053824,0.011818224,0.244025130977478,0.330752050762905,0.0892942870859337
"Oregon",2016,45535,3359,"Dem",7374,12385,"0",4093465,0.0111238279,0.161941363786099,0.271988580213023,0.0737674316459866
"Oregon",2017,43631,3285,"Dem",7355,12258,"0",4142776,0.010531827,0.16857280374046,0.280947033072815,0.0752905044578396
"Oregon",2018,42188,3393,"Dem",7056,11824,"0",4190713,0.010067022,0.167251351095098,0.280269270882715,0.0804257134730255
"Oregon",2019,41858,3522,"Dem",7330,11704,"0",4217737,0.0099242793,0.175115867934445,0.279612021596827,0.0841416216732763
"Oregon",2020,39820,3250,"Dem",6995,11470,"1",4241507,0.0093881726,0.175665494726268,0.288046207935711,0.0816172777498744
"Oregon",2021,40914,3470,"Dem",7883,11925,"1",4246155,0.0096355409,0.192672434863372,0.291465024197096,0.084812044776849
"Oregon",2022,39493,3404,"Dem",7551,11507,"1",4240137,0.0093140858,0.191198440229914,0.291368090547692,0.0861924898083205
"Oregon",2023,38298,3273,"Dem",7644,11062,"1",4233358,0.0090467189,0.19959266802444,0.288840148310617,0.085461381795394
"Pennsyl",2016,139409,12343,"Divided",24847,41560,"0",12784227,0.0109047657,0.178230960698377,0.298115616638811,0.0885380427375564
"Pennsyl",2017,137745,12501,"Divided",24910,42051,"0",12805537,0.010756675,0.180841409851537,0.305281498420995,0.0907546553413917
"Pennsyl",2018,135673,12309,"Divided",25318,40845,"0",12807060,0.0105936101,0.186610453074672,0.301054741916225,0.0907254943872399
"Pennsyl",2019,134230,12442,"Divided",26336,40530,"0",12801989,0.0104850895,0.196200551292558,0.301944423750279,0.0926916486627431
"Pennsyl",2020,130693,12113,"Divided",25971,39925,"1",12783254,0.0102237662,0.198717605380548,0.305486904424874,0.0926828521803004
"Pennsyl",2021,132622,12839,"Divided",27699,40880,"1",12964056,0.0102299774,0.208856750765333,0.308244484323868,0.0968089758863537
"Pennsyl",2022,130252,12405,"Divided",27230,40442,"1",12972008,0.0100410052,0.20905629088229,0.310490433928078,0.0952384608297761
"Pennsyl",2023,126951,12907,"Divided",26945,39718,"1",12961683,0.0097943299,0.212247245000039,0.31286086757883,0.101669147938969
"Rhode I",2016,10798,719,"Dem",1853,3369,"0",1056426,0.0102212554,0.171605852935729,0.312002222633821,0.0665864048897944
"Rhode I",2017,10638,944,"Dem",1725,3354,"0",1059639,0.0100392681,0.162154540327129,0.315284827975183,0.088738484677571
"Rhode I",2018,10506,1011,"Dem",1849,3382,"0",1057315,0.0099364901,0.175994669712545,0.32191128878736,0.0962307252998287
"Rhode I",2019,10175,745,"Dem",1934,3252,"0",1059361,0.0096048467,0.19007371007371,0.31960687960688,0.0732186732186732
"Rhode I",2020,10101,445,"Dem",1858,3368,"1",1057125,0.0095551614,0.183942183942184,0.333432333432333,0.0440550440550441
"Rhode I",2021,10464,542,"Dem",2075,3507,"1",1095610,0.0095508438,0.198298929663609,0.335149082568807,0.0517966360856269
"Rhode I",2022,10269,443,"Dem",2020,3561,"1",1093734,0.0093889373,0.196708540266822,0.346771837569384,0.0431395462070309
"Rhode I",2023,9805,446,"Dem",1930,3256,"1",1095962,0.0089464781,0.196838347781744,0.332075471698113,0.0454869964303927
"South C",2016,57342,4663,"Rep",12081,19208,"0",4961119,0.0115582795,0.210683268808203,0.334972620417844,0.0813191029263018
"South C",2017,57029,4945,"Rep",12433,19130,"0",5024369,0.01135048,0.218011888688211,0.335443370916551,0.0867102702134002
"South C",2018,56669,4967,"Rep",12870,18994,"0",5084127,0.0111462597,0.227108295540772,0.335174433993894,0.0876493320863259
"South C",2019,57038,5094,"Rep",13270,18955,"0",5148714,0.0110781061,0.232651916266349,0.332322311441495,0.0893088817980995
"South C",2020,55704,5261,"Rep",13470,18633,"1",5218040,0.0106752727,0.241813873330461,0.334500215424386,0.0944456412465891
"South C",2021,57185,5454,"Rep",14336,19160,"1",5190705,0.0110168079,0.250695112354638,0.335052898487366,0.0953746611873743
"South C",2022,57820,5601,"Rep",14685,18859,"1",5282634,0.0109452974,0.253977862331373,0.32616741611899,0.0968695952957454
"South C",2023,57729,5885,"Rep",14854,18825,"1",5373555,0.0107431672,0.257305686916454,0.326092605103154,0.10194183166173
"South D",2016,12275,1240,"Rep",2106,3110,"0",865454,0.0141833073,0.171568228105906,0.253360488798371,0.1010183299389
"South D",2017,12134,1244,"Rep",2201,2974,"0",869666,0.0139524829,0.181391132355365,0.245096423273447,0.10252183945937
"South D",2018,11893,1171,"Rep",2236,2929,"0",882235,0.0134805352,0.188009753636593,0.246279323972084,0.0984612797443875
"South D",2019,11449,1154,"Rep",2267,2801,"0",884659,0.0129417097,0.198008559699537,0.244650187789327,0.100794829242729
"South D",2020,10960,1050,"Rep",2160,2702,"1",892717,0.012277127,0.197080291970803,0.246532846715328,0.0958029197080292
"South D",2021,11369,1201,"Rep",2462,2794,"1",895376,0.0126974589,0.216553786612719,0.245756003166505,0.105638138798487
"South D",2022,11201,1100,"Rep",2535,2686,"1",909824,0.0123111723,0.226319078653692,0.239800017855549,0.098205517364521
"South D",2023,11201,1135,"Rep",2874,2729,"1",919318,0.0121840321,0.256584233550576,0.243638960807071,0.101330238371574
"Tenness",2016,80807,6049,"Rep",17034,26290,"0",6651194,0.0121492472,0.210798569430866,0.325343101463982,0.0748573762174069
"Tenness",2017,81016,6237,"Rep",17500,26218,"0",6715984,0.0120631616,0.216006714723018,0.323615088377604,0.0769847931272835
"Tenness",2018,80751,6654,"Rep",17447,26166,"0",6770010,0.011927752,0.216059243848373,0.324033138908496,0.0824014563287142
"Tenness",2019,80450,7056,"Rep",17959,25580,"0",6829174,0.0117803412,0.223231821006837,0.317961466749534,0.0877066500932256
"Tenness",2020,78689,7165,"Rep",17683,25272,"1",6886834,0.011426005,0.224720100649392,0.321163059639848,0.09105465821144
"Tenness",2021,81717,7334,"Rep",19139,26479,"1",6975218,0.0117153328,0.234210751740764,0.324032942961685,0.089748767086408
"Tenness",2022,82265,6779,"Rep",19298,26389,"1",7051339,0.0116665785,0.234583358657996,0.3207804047894,0.0824044247249742
"Tenness",2023,83021,7227,"Rep",20045,26776,"1",7126489,0.0116496356,0.241444935618699,0.32252080798834,0.0870502643909372
"Texas",2016,398047,33963,"Rep",83099,136950,"0",27862596,0.0142860701,0.20876680392014,0.344054847794356,0.0853240948933166
"Texas",2017,382050,33864,"Rep",83055,133566,"0",28304596,0.0134978079,0.217393011385944,0.349603455045151,0.0886376128778956
"Texas",2018,378624,34715,"Rep",84555,132626,"0",28701845,0.0131916258,0.223321817951318,0.350284186950642,0.0916872675794456
"Texas",2019,377599,36341,"Rep",87191,131190,"0",28995881,0.0130225048,0.230908980161494,0.347432064173899,0.0962423099637446
"Texas",2020,368190,34760,"Rep",84794,127577,"1",29360759,0.0125402072,0.230299573589723,0.346497732149162,0.0944077785925745
"Texas",2021,373594,36468,"Rep",90286,130033,"1",29527941,0.0126522198,0.241668763416971,0.348059658345691,0.0976139873766709
"Texas",2022,389741,37026,"Rep",94691,134979,"1",30029572,0.0129785733,0.242958785449824,0.346329998640123,0.0950015523129463
"Texas",2023,387945,37513,"Rep",94560,133915,"1",30503301,0.0127181317,0.243745891814561,0.345190684246478,0.0966966966966967
"Utah",2016,50464,5156,"Rep",9868,11252,"0",3051217,0.0165389744,0.195545339251744,0.222970830691186,0.10217184527584
"Utah",2017,48585,5183,"Rep",9571,11071,"0",3101833,0.0156633191,0.196994957291345,0.227868683750129,0.10667901615725
"Utah",2018,47209,5044,"Rep",9481,10707,"0",3161105,0.0149343347,0.200830350145099,0.226799974581118,0.106844033976572
"Utah",2019,46826,5424,"Rep",9847,10799,"0",3205958,0.0146059306,0.210289155597318,0.230619741169436,0.115833084184
"Utah",2020,45702,5266,"Rep",9639,10562,"1",3249879,0.0140626774,0.210909807010634,0.231105859699794,0.115224716642598
"Utah",2021,46712,5684,"Rep",10233,10940,"1",3337975,0.0139941132,0.219065764685734,0.234201061825655,0.121681794827881
"Utah",2022,45768,5261,"Rep",10117,10987,"1",3380800,0.0135376242,0.221049641671037,0.240058556196469,0.114949309561266
"Utah",2023,45019,5584,"Rep",9961,10928,"1",3417734,0.0131721778,0.221262133765743,0.242741953397454,0.124036517914658
"Vermont",2016,5756,461,"Dem",866,1479,"0",624594,0.0092155864,0.15045170257123,0.256949270326616,0.080090340514246
"Vermont",2017,5655,393,"Divided",848,1456,"0",623657,0.0090674842,0.149955791335102,0.257471264367816,0.0694960212201591
"Vermont",2018,5432,384,"Divided",870,1409,"0",626299,0.0086731737,0.160162002945508,0.259388807069219,0.0706921944035346
"Vermont",2019,5361,397,"Divided",891,1380,"0",623989,0.0085914976,0.166200335758254,0.257414661443761,0.0740533482559224
"Vermont",2020,5133,375,"Divided",826,1382,"1",623347,0.0082345788,0.160919540229885,0.26923826222482,0.0730566919929866
"Vermont",2021,5384,433,"Divided",917,1462,"1",645570,0.0083399167,0.170319465081724,0.271545319465082,0.0804234769687964
"Vermont",2022,5316,436,"Divided",973,1495,"1",647064,0.0082155706,0.183032355154251,0.281226486079759,0.0820165537998495
"Vermont",2023,5065,430,"Divided",875,1392,"1",647464,0.0078228288,0.172754195459033,0.274827245804541,0.0848963474827246
"Virgini",2016,102460,7312,"Divided",19123,33740,"0",8411808,0.0121804967,0.186638688268593,0.329299238727308,0.071364434901425
"Virgini",2017,100391,7227,"Divided",19064,32682,"0",8470020,0.0118525104,0.189897500771982,0.325547110796785,0.071988524867767
"Virgini",2018,99843,7302,"Divided",19255,32348,"0",8517685,0.011721847,0.192852778862815,0.323988662199653,0.0731348216700219
"Virgini",2019,97429,7650,"Divided",19772,31121,"0",8535519,0.0114145373,0.202937523735233,0.319422348582044,0.0785187161933305
"Virgini",2020,94749,7491,"Dem",19243,30833,"1",8590563,0.0110294285,0.203094491762446,0.325417682508523,0.0790615204382104
"Virgini",2021,95825,7664,"Dem",20345,31099,"1",8642274,0.0110879382,0.212314114270806,0.324539525176102,0.07997912861988
"Virgini",2022,95630,7615,"Divided",20364,30909,"1",8683619,0.0110126895,0.212945728327931,0.323214472445885,0.0796298232772143
"Virgini",2023,92649,7743,"Divided",19890,29926,"1",8715698,0.0106301297,0.214681216203089,0.323004025947393,0.0835734870317003
"Washing",2016,90505,7518,"Divided",14631,24803,"0",7288000,0.0124183589,0.16165957681896,0.274051157394619,0.0830672338544832
"Washing",2017,87562,7414,"Dem",14891,24190,"0",7405743,0.0118235267,0.17006235581645,0.276261391928005,0.0846714328133208
"Washing",2018,86085,7308,"Dem",14887,23980,"0",7535591,0.0114237888,0.172933728291805,0.278561886507522,0.0848928384736017
"Washing",2019,84895,6867,"Dem",15291,23579,"0",7614893,0.011148548,0.180116614641616,0.277743094410743,0.0808881559573591
"Washing",2020,83086,6454,"Dem",15073,23646,"1",7693612,0.0107993489,0.181414438052139,0.28459668295501,0.0776785499362107
"Washing",2021,83911,6735,"Dem",16038,24290,"1",7738692,0.0108430469,0.191131079357891,0.289473370595035,0.0802636126371989
"Washing",2022,83333,6557,"Dem",15791,24608,"1",7785786,0.0107032225,0.189492757971032,0.295297181188725,0.078684314737259
"Washing",2023,80932,6676,"Dem",15563,24219,"1",7812880,0.0103587921,0.192297237186774,0.299251223249147,0.0824890031137251
"West Vi",2016,19079,1537,"Divided",4391,6654,"0",1831102,0.0104194086,0.230148330625295,0.348760417212642,0.0805597777661303
"West Vi",2017,18675,1600,"Divided",4301,6582,"0",1815857,0.0102844001,0.230307898259705,0.352449799196787,0.0856760374832664
"West Vi",2018,18248,1690,"Rep",4381,6224,"0",1805832,0.0101050375,0.240081104778606,0.341078474353354,0.0926128890837352
"West Vi",2019,18136,1749,"Rep",4594,6268,"0",1792147,0.0101197056,0.253308337009263,0.345610939567711,0.0964380238200265
"West Vi",2020,17323,1566,"Rep",4262,5922,"1",1784787,0.0097059201,0.246031287883161,0.341857645904289,0.0904000461813774
"West Vi",2021,17198,1484,"Rep",4631,5853,"1",1782959,0.009645763,0.269275497150831,0.34033027096174,0.0862891033841144
"West Vi",2022,16929,1529,"Rep",4797,5777,"1",1775156,0.0095366266,0.283359914938862,0.341248744757517,0.0903183885640026
"West Vi",2023,16606,1522,"Rep",4832,5802,"1",1770071,0.0093815446,0.290979164157533,0.349391786101409,0.0916536191737926
"Wiscons",2016,66615,6113,"Rep",12312,17317,"0",5778708,0.0115276633,0.184823238009457,0.259956466261353,0.0917661187420251
"Wiscons",2017,64975,6155,"Rep",12394,17129,"0",5795483,0.0112113175,0.190750288572528,0.263624470950366,0.0947287418237784
"Wiscons",2018,64098,6144,"Rep",12700,17062,"0",5813568,0.011025587,0.198134107148429,0.266186152454055,0.0958532247496022
"Wiscons",2019,63270,6045,"Divided",12729,16895,"0",5822434,0.0108665895,0.201185395922238,0.26703018808282,0.095542911332385
"Wiscons",2020,60594,5686,"Divided",12389,16145,"1",5832655,0.0103887509,0.204459187378288,0.266445522659009,0.0938376736970657
"Wiscons",2021,61781,5931,"Divided",13101,16841,"1",5895908,0.0104786235,0.212055486314563,0.272591897185219,0.0960003884689468
"Wiscons",2022,60049,5881,"Divided",13186,16474,"1",5892539,0.0101906835,0.21958733700811,0.274342620193509,0.0979366850405502
"Wiscons",2023,59754,5472,"Divided",13232,16264,"1",5910955,0.0101090264,0.221441242427285,0.272182615389765,0.0915754593834722
"Wyoming",2016,7386,611,"Rep",1307,2022,"0",585501,0.0126148375,0.176956404007582,0.273761169780666,0.0827240725697265
"Wyoming",2017,6903,447,"Rep",1275,1820,"0",579315,0.0119157971,0.184702303346371,0.263653483992467,0.0647544545849631
"Wyoming",2018,6562,468,"Rep",1295,1798,"0",577737,0.0113581093,0.197348369399573,0.274001828710759,0.0713197195976836
"Wyoming",2019,6565,458,"Rep",1334,1728,"0",578759,0.0113432361,0.203198781416603,0.263214013709063,0.0697638994668698
"Wyoming",2020,6128,502,"Rep",1297,1615,"1",582328,0.010523279,0.211651436031332,0.263544386422977,0.0819190600522193
"Wyoming",2021,6237,565,"Rep",1358,1666,"1",578803,0.0107756871,0.217732884399551,0.267115600448934,0.0905884239217573
"Wyoming",2022,6049,600,"Rep",1355,1654,"1",581381,0.0104045368,0.22400396759795,0.273433625392627,0.0991899487518598
"Wyoming",2023,5990,551,"Rep",1395,1693,"1",584057,0.0102558483,0.232888146911519,0.282637729549249,0.0919866444073456
